Name,Picture1,Picture2,Picture3,,,,,,,,
gojo,https://butwhytho.net/wp-content/uploads/2023/09/Gojo-Jujutsu-Kaisen-But-Why-Tho-2.jpg,https://static.wikia.nocookie.net/deathbattle/images/1/10/Portrait.satorugojo.png,https://static.wikia.nocookie.net/jujutsu-kaisen/images/5/5a/Satoru_Gojo_arrives_on_the_battlefield_%28Anime%29.png,,,,,,,,
yuji,https://static0.gamerantimages.com/wordpress/wp-content/uploads/2022/11/Jujutsu-Kaisen-Itadori.jpg,https://fugitives.com/wp-content/uploads/2023/11/Jujutsu-Kaisen-Itadori-Yuji.jpg,https://cdn.discordapp.com/attachments/1027693824417476749/1490346604983750736/jujutsu-kaisen-jin-itadori-family-tree.png?ex=69d3b8ef&is=69d2676f&hm=525f4703710087d9a1b15029d0a110d8300e0dd812d37108659ec49ae12ab4ce&,,,,,,,,
sukuna,https://static.wikia.nocookie.net/jujutsu-kaisen/images/3/36/Sukuna_demands_Jogo%2C_Mimiko%2C_and_Nanako_bow_to_him_%28Anime%29.png,https://static0.gamerantimages.com/wordpress/wp-content/uploads/2023/06/ryomen-sukuna.jpg?w=1600&h=900&fit=crop,https://4kwallpapers.com/images/wallpapers/sukuna-jujutsu-2048x2048-13852.png,,,,,,,,
megumi,https://nxsnjqfqtwiaoedulnpr.supabase.co/storage/v1/object/public/image/articles/30-2_1331d799-1294-45d5-8f97-271190161e3f_653d557a57a7.jpg,https://cdn.discordapp.com/attachments/1027693824417476749/1490347411422445780/ugc_2024977169947036285_1D9084168F0D78E551D123852BF9E2A8FB7F04A8_.png?ex=69d3b9b0&is=69d26830&hm=c8595330e3815ae057e519394a4ee6be0efc4771b5ba0ebd3b77488bed0b20ca&,,,,,,,,, https://upload.wikimedia.org/wikipedia/it/a/ac/Megumi_Fushiguro.jpg
jogo,https://i.ytimg.com/vi/el4SxaKcWDs/maxresdefault.jpg,https://static.wikia.nocookie.net/vsbattles/images/2/29/Jogo_%28Anime%29.png/,https://i.ytimg.com/vi/NHjS-jnfa7s/hq720.jpg?sqp=-oaymwEhCK4FEIIDSFryq4qpAxMIARUAAAAAGAElAADIQj0AgKJD&rs=AOn4CLA5W_gdj0VzgVMAH7PFpWRVpKDHXQ,,,,,,,,
nobara,https://practicaltyping.com/wp-content/uploads/2023/12/kugisaki.jpg,https://static0.gamerantimages.com/wordpress/wp-content/uploads/2021/09/Nobara-Jujutsu-Kaisen-Nail.jpg?w=1600&h=900&fit=crop,https://sv.risuai.xyz/resource/42ff216154963b64d22377c65932edcbd2c30bcd8647283e252eb1895e45f6fe,,,,,,,,
nanami,https://static.wikia.nocookie.net/jujutsu-kaisen/images/9/96/Kento_Nanami_%28Volume_11%29.png,https://i.redd.it/nanami-would-fit-perfectly-in-the-world-of-hunter-x-hunter-v0-dp55wp7oqtvc1.jpg?width=500&format=pjpg&auto=webp&s=e47b2f0bde9e5230cecd6f5a19784a1a123c994e,,,https://us.oricon-group.com/upimg/detail/2000/2922/img660/kento-nanami-jjk-EP36%20(1).jpg,,,,,,
Toji,https://static.wikia.nocookie.net/jujutsu-kaisen/images/d/de/Toji_ready_for_round_two_%28Anime%29.png,https://www.superherotoystore.com/cdn/shop/articles/Toji_1200x.webp?v=1712589718,https://swordslice.com/cdn/shop/articles/Tojigoodphptp_b3ef3ce7-da03-4b15-9cb2-16e1dccab49d.png?v=1774278243,,,,,,,,
Geto,https://static0.cbrimages.com/wordpress/wp-content/uploads/2023/02/jujutsu-kaisen-suguru-geto.jpg?w=1200&h=900&fit=crop,https://preview.redd.it/how-strong-couldve-geto-been-at-his-full-potential-v0-q761rnitaltc1.jpeg?auto=webp&s=531fcefb89a2a606b175b0196832b672b62ca568,https://preview.redd.it/hot-take-suguru-geto-is-the-best-written-and-better-villain-v0-4b0u0xdultjf1.jpeg?auto=webp&s=6a0c38136590d067bbcadeff342646e1a80375fa,,,,,,,,
inumaki,https://encrypted-tbn0.gstatic.com/images?q=tbn:ANd9GcQmnbktX-NGeCsJCu5vLswxGAxMIaXCZAKV9w&s,https://encrypted-tbn0.gstatic.com/images?q=tbn:ANd9GcTXPMO6zWOMO4o0o_4Uu9jeU43jMERjtizZyw&s,https://s.yimg.com/os/en/comingsoon_net_477/a6f000ed102fc4c2a324b18de87364c3,,,,,,,,
todo,https://static.wikia.nocookie.net/jujutsu-kaisen/images/5/5a/Aoi_Todo%27s_cursed_energy_%28Anime%29.png,https://static.wikia.nocookie.net/jujutsu-kaisen/images/c/c3/Aoi_Todo_arrives_to_rescue_Yuji_%28Anime%29.png,https://static.wikia.nocookie.net/jujutsu-kaisen/images/7/79/Aoi_Todo_%28Anime%29.png,,,,,,,,
kechizu,https://img1.yeggi.com/images-3d-model/775/11333537_-kechizu-stl-file-for-3d-printing-,https://image.pngaaa.com/16/7833016-middle.png,https://cdn.myanimelist.net/r/200x268/images/characters/9/460080.jpg?s=1b2e923eaa10d582245087c4a34bd473,,,,,,,,
choso,https://static.wikia.nocookie.net/jujutsu-kaisen/images/2/29/Choso%27s_fury_%28Anime%29.pnghttps://static.wikia.nocookie.net/jujutsu-kaisen/images/c/c6/Choso_%28Anime_3%29.png,https://static.wikia.nocookie.net/jujutsu-kaisen/images/2/29/Choso%27s_fury_%28Anime%29.png,https://www.superherotoystore.com/cdn/shop/articles/1346588_1920x.png,,,,,,,,
yuta,https://www.manga-news.com/public/images/characters/perso-Jujutsu-Kaisen-Yuta-Okkotsu-manga.jpg, https://i.ytimg.com/vi/YXIwsUzsWzU/maxresdefault.jpg,https://s.yimg.com/ny/api/res/1.2/PR8nrf5uh.1j6geftcQDFg--/YXBwaWQ9aGlnaGxhbmRlcjt3PTIwNDg7aD0xMTUyO2NmPXdlYnA-/https://media.zenfs.com/en/comingsoon_net_477/893ba892e664fd31f3e0f6da77145c4d,,,,,,,,
eso,https://static.wikia.nocookie.net/jujutsu-kaisen/images/5/5f/Eso_%28Anime%29.png,https://i.pinimg.com/736x/19/36/3b/19363b13d161aef65f1473d0b4b00cdf.jpg,https://www.superherodb.com/pictures2/portraits/10/050/43937.jpg?v=1649629586,,,,,,,,
rika,https://static.wikia.nocookie.net/jujutsu-kaisen/images/e/e3/Rika_Orimoto_%28Anime%29.png,https://i.pinimg.com/564x/39/91/4f/39914ffb85b1b4d48e8993f95a5c09fc.jpg,https://preview.redd.it/why-hanami-is-objectively-the-grippiest-character-in-jjk-v0-qborro8ih25c1.png?width=1920&format=png&auto=webp&s=d5475ca8f64bc78a55ac96d433ae1fec34ab72d3,,,,,,,,
Hanami,https://us.oricon-group.com/upimg/detail/3000/3214/img660/Hanami-jjk-EP19%20(1).jpg,https://static.wikia.nocookie.net/jujutsu-kaisen/images/7/76/Hanami_%28Anime%29.png/revision/latest?cb=20210318193331,https://preview.redd.it/why-hanami-is-objectively-the-grippiest-character-in-jjk-v0-qborro8ih25c1.png,,,,,,,,
Dagon,https://static.wikia.nocookie.net/jujutsu-kaisen/images/5/5b/Dagon_%28Anime_2%29.png,https://static.wikia.nocookie.net/jujutsu-kaisen/images/a/a0/Dagon_%28Anime%29.png/revision/latest/scale-to-width-down/250?cb=20231011142207,https://static.wikia.nocookie.net/jujutsu-kaisen/images/c/c3/Dagon.png/revision/latest?cb=20200531181955,,,,,,,,
Maki,https://static.wikia.nocookie.net/jujutsu-kaisen/images/3/3f/Maki_takes_Kasumi%27s_sword_%28Anime%29.png,https://preview.redd.it/jjk0-maki-and-jjk-maki-feel-like-two-entirely-different-v0-0j836ua1s66d1.jpeg?width=640&crop=smart&auto=webp&s=1bbd7fe02144b172baf51ec9a70acd76fcf20607,,,https://static.wikia.nocookie.net/jujutsu-kaisen/images/2/2c/Maki_Zen%27in_%28Anime_4%29.png,,,,,,
panda,https://animehunch.com/wp-content/uploads/2021/02/Panda.jpg,https://static.wikia.nocookie.net/jujutsu-kaisen/images/4/4f/Panda_%28Anime_3%29.png/revision/latest?cb=20231124130718,https://www.looper.com/img/gallery/pandas-powers-in-jujutsu-kaisen-explained/l-intro-1632871342.jpg,,,,,,,,
Mahito,https://static0.gamerantimages.com/wordpress/wp-content/uploads/2023/11/mahito-episode-42.jpghttps://static0.gamerantimages.com/wordpress/wp-content/uploads/2023/12/0-2-domain-expansion-mahito.jpg?w=1600&h=900&fit=crop,https://static0.gamerantimages.com/wordpress/wp-content/uploads/2023/11/mahito-episode-42.jpg?w=1600&h=900&fit=crop,https://preview.redd.it/mahito-has-to-me-the-most-over-scaled-character-in-the-show-v0-9pac1ivvqaqd1.jpeg?auto=webp&s=ddda3dcd61e3abfa074c62e6ac95ecd4739feb4f,,,,,,,,
hakari,https://i.redd.it/ngmru121da8g1.jpeg,https://static.wikia.nocookie.net/the-lounges-battles/images/9/9d/KinjiHakariVerse2.png,https://static.wikia.nocookie.net/jujutsu-kaisen/images/c/cf/Kinji_Hakari_%28Anime%29.png,,,,,,,,
kashimo,https://static.wikia.nocookie.net/jujutsu-kaisen/images/0/02/Hajime_Kashimo_%28Anime%29.png,https://static.beebom.com/wp-content/uploads/2026/01/jjk-hajime-kashimo.jpg,https://static.wikia.nocookie.net/protagonists/images/6/6a/Hajime_Kashimo_%25_28Volume_21%25_29.png/revision/latest/scale-to-width-down/645?cb=20231106010754,,,,,,,,
mechamaru,https://i.pinimg.com/736x/b3/20/43/b32043514b709880955d499eddf1cbd5.jpg,https://static.wikia.nocookie.net/jujutsu-kaisen/images/9/94/Mechamaru_Ultimate_%28Anime%29.png,,https://www.superherodb.com/pictures2/portraits/10/050/29457.jpg,,,,,,,
Huguruma,https://i.namu.wiki/i/0v-4DX5ozQ8JumKaN3XrGLFJa59F91E8IeCM8Buqj2I0NYRCTt_Ir3tPGp_RO5B2FlRiKry_SBwRQMqpyXMWdA.webp,https://www.vrsus.io/wp-content/uploads/2026/02/higuruma1-1024x576.png,https://static.wikia.nocookie.net/jujutsu-kaisen/images/6/62/Hiromi_Higuruma_%28Anime%29.png/revision/latest?cb=20251230190230,,,,,,,,
kamo,https://static.wikia.nocookie.net/jujutsu-kaisen/images/9/99/Noritoshi_comparing_himself_to_Megumi_%28Anime%29.png,https://static.wikia.nocookie.net/theunitedorganizationtoonsheroes/images/9/99/Noritoshi_Kamo.png/revision/latest/scale-to-width-down/732?cb=20220203063503,https://static0.gamerantimages.com/wordpress/wp-content/uploads/2025/02/noritoshi-cover.jpg,,,,,,,,
Momo,https://preview.redd.it/can-we-say-some-nice-things-about-her-i-feel-like-i-only-v0-c6s2ho33yelc1.jpeghttps://preview.redd.it/can-we-say-some-nice-things-about-her-i-feel-like-i-only-v0-c6s2ho33yelc1.jpegauto=webp&s=be93ad2aa0624224e3b28ea607e89fd5f12dc71chttps://static.wikia.nocookie.net/jujutsu-kaisen-ultimate-fanon/images/c/c2/Momo_Nishimiya_.webp/revision/latest?cb=20240119162534,,,,,,,,,,
Miwa,https://preview.redd.it/what-was-the-purpose-of-miwa-v0-befhoy868i3c1.png,https://i.pinimg.com/736x/51/bd/f3/51bdf3939d305aa78129a0fe2b97b3e4.jpg,https://static.wikia.nocookie.net/jujutsu-kaisen/images/6/64/Kasumi_Miwa_%28Anime%29.png,,,,,,,,